{"primitive":"Triangle","attributes":[
    [ {"position":[3.6,-3.6,-3.6],"color":[1,1,1,1],"normal":[0,-1,0]}
      ,{"position":[3.6,-3.6,3.6],"color":[1,1,1,1],"normal":[0,-1,0]}
      ,{"position":[-3.6,-3.6,3.599999],"color":[1,1,1,1],"normal":[0,-1,0]}]

    ,[{"position":[3.6,-3.6,-3.6],"color":[1,1,1,1],"normal":[0,-1,0]}
      ,{"position":[-3.6,-3.6,3.599999],"color":[1,1,1,1],"normal":[0,-1,0]}
      ,{"position":[-3.599998,-3.6,-3.600001],"color":[1,1,1,1],"normal":[0,-1,0]}]

,[{"position":[3.600002,3.6,-3.599998],"color":[1,1,1,1],"normal":[0,1,0]}
,{"position":[-3.599999,3.6,-3.6],"color":[1,1,1,1],"normal":[0,1,0]}
,{"position":[-3.600001,3.6,3.599998],"color":[1,1,1,1],"normal":[0,1,0]}]

,[{"position":[3.600002,3.6,-3.599998],"color":[1,1,1,1],"normal":[0,1,0]}
,{"position":[-3.600001,3.6,3.599998],"color":[1,1,1,1],"normal":[0,1,0]}
,{"position":[3.599998,3.6,3.600002],"color":[1,1,1,1],"normal":[0,1,0]}]

,[{"position":[3.6,-3.6,-3.6],"color":[1,1,1,1],"normal":[0.999999999999807,-2.7777793207586e-7,5.555555555714237e-7]}
,{"position":[3.600002,3.6,-3.599998],"color":[1,1,1,1],"normal":[0.999999999999807,-2.7777793207586e-7,5.555555555714237e-7]}
,{"position":[3.599998,3.6,3.600002],"color":[1,1,1,1],"normal":[0.999999999999807,-2.7777793207586e-7,5.555555555714237e-7]}]

,[{"position":[3.6,-3.6,-3.6],"color":[1,1,1,1],"normal":[0.9999999999999614,2.7777777781659426e-7,0]}
,{"position":[3.599998,3.6,3.600002],"color":[1,1,1,1],"normal":[0.9999999999999614,2.7777777781659426e-7,0]}
,{"position":[3.6,-3.6,3.6],"color":[1,1,1,1],"normal":[0.9999999999999614,2.7777777781659426e-7,0]}]

,[{"position":[3.6,-3.6,3.6],"color":[1,1,1,1],"normal":[-5.555556327319284e-7,-2.777779320758815e-7,0.9999999999998072]}
,{"position":[3.599998,3.6,3.600002],"color":[1,1,1,1],"normal":[-5.555556327319284e-7,-2.777779320758815e-7,0.9999999999998072]}
,{"position":[-3.600001,3.6,3.599998],"color":[1,1,1,1],"normal":[-5.555556327319284e-7,-2.777779320758815e-7,0.9999999999998072]}]

,[{"position":[3.6,-3.6,3.6],"color":[1,1,1,1],"normal":[-1.388888889082998e-7,1.3888886961817634e-7,0.9999999999999806]}
,{"position":[-3.600001,3.6,3.599998],"color":[1,1,1,1],"normal":[-1.388888889082998e-7,1.3888886961817634e-7,0.9999999999999806]}
,{"position":[-3.6,-3.6,3.599999],"color":[1,1,1,1],"normal":[-1.388888889082998e-7,1.3888886961817634e-7,0.9999999999999806]}]

,[{"position":[-3.6,-3.6,3.599999],"color":[1,1,1,1],"normal":[-0.9999999999999517,-1.3888892742687434e-7,-2.777778549154278e-7]}
,{"position":[-3.600001,3.6,3.599998],"color":[1,1,1,1],"normal":[-0.9999999999999517,-1.3888892742687434e-7,-2.777778549154278e-7]}
,{"position":[-3.599999,3.6,-3.6],"color":[1,1,1,1],"normal":[-0.9999999999999517,-1.3888892742687434e-7,-2.777778549154278e-7]}]

,[{"position":[-3.6,-3.6,3.599999],"color":[1,1,1,1],"normal":[-0.9999999999999517,-1.388888503280489e-7,-2.777777778165916e-7]}
,{"position":[-3.599999,3.6,-3.6],"color":[1,1,1,1],"normal":[-0.9999999999999517,-1.388888503280489e-7,-2.777777778165916e-7]}
,{"position":[-3.599998,-3.6,-3.600001],"color":[1,1,1,1],"normal":[-0.9999999999999517,-1.388888503280489e-7,-2.777777778165916e-7]}]

,[{"position":[3.600002,3.6,-3.599998],"color":[1,1,1,1],"normal":[1.3888892742687437e-7,2.77777739236334e-7,-0.9999999999999518]}
,{"position":[3.6,-3.6,-3.6],"color":[1,1,1,1],"normal":[1.3888892742687437e-7,2.77777739236334e-7,-0.9999999999999518]}
,{"position":[-3.599998,-3.6,-3.600001],"color":[1,1,1,1],"normal":[1.3888892742687437e-7,2.77777739236334e-7,-0.9999999999999518]}]

,[{"position":[3.600002,3.6,-3.599998],"color":[1,1,1,1],"normal":[2.7777773923635003e-7,1.388889274268583e-7,-0.9999999999999518]}
,{"position":[-3.599998,-3.6,-3.600001],"color":[1,1,1,1],"normal":[2.7777773923635003e-7,1.388889274268583e-7,-0.9999999999999518]}
,{"position":[-3.599999,3.6,-3.6],"color":[1,1,1,1],"normal":[2.7777773923635003e-7,1.388889274268583e-7,-0.9999999999999518]}]]}
